{"return": 26.292, "risk": 22.1331, "sharpe_ratio": 1.1879040893503396, "allocation": {"Apple": 2.0, "Microsoft": 15.0, "JP Morgan": 81.0, "Boeing": 2.0}, "time_taken": 7.313644886016846}