{"return": 26.3192, "risk": 22.1455, "sharpe_ratio": 1.188467182949132, "allocation": {"Apple": 2.0, "Microsoft": 11.0, "JP Morgan": 85.0, "Boeing": 2.0}, "time_taken": 6.7603888511657715}