{"return": 23.013599999999997, "risk": 19.62, "sharpe_ratio": 1.1729663608562688, "allocation": {"Apple": 2.0, "Microsoft": 61.0, "JP Morgan": 24.0, "Boeing": 2.0}, "time_taken": 7.00265908241272, "accepted_risk": 15, "min_allocation_percentage": 2}